Team,Player,Tm,Pos,Original Pts,10/22 Season,11/22 Season,12/27 Season,2/7 Season,3/15 Season,4/18 Season,5/26 Season,8/15 Season,12/24 Season,4/2 Season,12/23 Season,4/1 Season,7/3 Season,2/28 Season,8/18 Season,2/28/25 Season,8/4/25 Season,Upcoming Season,ASG
AA,Pedro Martinez,BOS,SP,700,730,740,750,760,770,780,790,800,810,820,830,840,850,860,870,880,890,900,8
BOS,Alex Rodriguez (TEX),TEX,SS,640,670,680,690,700,710,690,690,700,710,720,730,740,750,760,770,780,790,800,14
NY,Greg Maddux,ATL,SP,590,620,630,640,650,660,670,680,690,700,710,720,730,740,750,760,770,780,790,8
DET,Barry Zito,OAK,SP,560,590,600,610,620,630,640,650,660,670,680,690,700,710,720,730,740,750,760,3
NY,Kevin Brown,LAD,SP,570,600,610,620,630,640,650,660,670,680,690,680,680,690,700,710,720,710,710,6
NY,Barry Bonds,SFG,LFRF,650,650,630,640,650,630,620,620,630,620,610,610,620,630,640,650,660,650,650,14
NYS,Alex Rodriguez (SEA),SEA,SS,550,580,590,600,610,620,630,620,610,600,600,590,590,600,610,620,630,640,650,14
DET,Jeff Kent,SFG,2B,580,580,590,600,580,570,580,570,560,560,570,580,590,600,610,620,630,640,650,5
,Todd Helton,COL,1B,560,590,600,610,620,630,610,610,620,610,600,600,610,620,630,640,630,620,610,5
,Carlos Delgado,TOR,1B,610,580,590,570,580,560,570,580,590,580,580,570,570,580,590,580,580,590,580,2
DET,Jason Giambi,OAK,1B,570,600,580,570,560,570,580,570,560,560,570,580,570,560,550,550,560,570,580,5
NY,Manny Ramirez (CLE),CLE,LFRF,560,540,520,510,500,510,520,510,510,520,530,540,530,520,520,530,540,550,560,12
,Ivan Rodriguez,TEX,C,530,530,510,520,500,510,520,530,540,550,560,570,580,590,580,580,570,560,550,14
AA,Nomar Garciaparra,BOS,SS,510,540,520,510,520,530,540,550,540,540,530,530,520,520,510,510,520,530,540,6
NYS,Chan Ho Park,LAD,SP,470,490,470,460,470,480,490,500,510,520,530,540,530,530,540,550,540,530,530,1
BOS,Mark McGwire,STL,1B,580,590,600,580,570,560,550,550,540,540,530,530,520,520,530,520,510,510,520,12
,Jeff Bagwell,HOU,1B,560,550,530,540,520,530,510,510,520,530,540,530,520,510,500,500,510,520,510,4
NY,Brian Giles,PIT,"CF,LFRF",510,530,510,520,500,510,490,490,500,490,490,480,480,490,500,510,520,510,510,2
BOS,Jim Edmonds,STL,"CF,LFRF",560,530,540,520,530,510,500,490,480,480,470,470,480,490,500,510,500,500,510,4
BOS,Ellis Burks (SFG),SFG,LFRF,540,560,540,530,520,530,540,530,520,510,510,500,500,510,520,510,510,500,500,2
,Bobby Abreu,PHI,LFRF,510,500,510,490,500,510,490,490,480,480,490,500,510,520,530,520,510,500,490,2
,Richard Hidalgo,HOU,"CF,LFRF",500,520,500,510,490,480,470,460,450,450,460,450,450,460,470,480,490,500,490,0
AA,Gary Sheffield,LAD,LFRF,550,520,500,510,520,500,510,500,500,490,480,480,470,470,480,490,480,480,490,9
,Darin Erstad,ANA,LFRF,510,540,520,530,510,500,510,500,500,490,480,480,490,500,510,500,490,490,480,2
,Julian Tavarez,CHC,SP,500,490,470,480,490,500,480,470,460,460,450,440,440,450,460,470,480,490,480,0
NYS,Jarrod Washburn,ANA,SP,430,420,430,440,420,430,440,450,460,470,480,490,480,470,470,480,470,470,480,0
,Ellis Burks (CLE),CLE,LFRF,520,490,500,480,490,500,510,500,500,510,500,490,480,470,470,480,490,480,470,2
NYS,Charles Johnson (CHW),CHW,C,460,430,410,400,410,420,430,420,410,410,420,410,410,420,430,440,450,460,470,2
,Robb Nen,SFG,RP,330,360,370,380,390,400,410,420,430,440,450,460,470,480,470,460,460,470,460,3
DET,Moises Alou,HOU,LFRF,510,480,460,470,450,460,440,440,450,460,470,460,450,440,430,430,440,450,460,6
NYS,Edgardo Alfonzo,NYM,2B,460,440,450,460,440,450,430,430,440,430,420,420,430,440,430,430,440,450,460,1
,Jeff D'Amico,MIL,SP,530,510,490,480,470,460,470,480,490,500,510,500,490,480,470,460,460,450,440,0
,John Vander Wal,PIT,LFRF,510,500,510,490,480,490,500,490,480,470,460,450,450,440,430,430,440,450,440,0
,Aaron Sele,SEA,SP,460,430,440,450,460,470,480,490,480,470,460,460,470,460,450,440,430,430,420,1
BOS,Manny Ramirez (BOS),BOS,LFRF,490,510,490,480,470,460,450,440,440,450,440,430,430,440,430,420,410,410,420,12
,Tony Armas Jr.,MON,SP,450,470,450,440,430,440,420,420,410,400,390,390,400,390,390,400,410,420,410,0
DET,David Wells (TOR),TOR,SP,460,430,440,420,430,440,450,440,440,450,460,450,440,430,420,410,400,400,410,3
AA,David Wells (CHW),CHW,SP,460,450,430,440,450,430,440,450,460,470,460,450,440,430,420,410,400,390,390,3
DET,Mariano Rivera,NYY,RP,300,330,340,350,360,370,380,370,370,360,360,370,380,390,380,370,370,380,390,13
NY,Livan Hernandez,SFG,SP,480,450,460,440,430,420,410,400,390,380,370,370,360,350,350,360,370,380,390,2
,Ichiro,SEA,LFRF,400,370,380,390,400,410,420,430,420,410,400,390,390,400,410,400,390,390,380,10
NYS,Troy Glaus,ANA,3B,440,410,420,430,410,420,400,400,410,400,390,390,380,380,390,400,390,380,380,4
NYS,Vladimir Guerrero,MON,LFRF,470,450,430,420,430,410,420,410,400,390,390,400,390,380,370,360,360,370,380,9
,Darryl Kile,STL,SP,460,460,440,430,420,410,400,400,410,400,390,380,380,390,380,380,390,380,370,3
BOS,Tom Gordon,CHC,RP,300,310,320,330,340,350,360,370,360,360,370,380,390,400,390,380,370,360,360,3
NYS,Al Leiter,NYM,SP,460,440,450,430,420,430,410,400,390,380,380,370,370,380,390,380,370,360,360,2
,Derek Jeter,NYY,SS,410,390,370,380,360,370,380,390,380,380,370,370,360,350,350,360,370,360,350,14
,Sammy Sosa,CHC,LFRF,490,460,440,430,420,410,420,410,400,390,380,370,360,350,340,340,350,360,350,7
DET,Jason Kendall,PIT,C,420,400,380,370,380,360,350,350,340,330,320,310,300,300,310,320,330,340,350,3
,Jorge Posada,NYY,C,430,410,390,380,390,370,380,370,370,380,370,370,380,390,380,370,360,350,340,5
,Matt Morris,STL,SP,410,380,390,370,380,360,370,360,350,340,340,350,360,370,380,370,360,350,340,2
,Paul Abbott,SEA,SP,450,420,400,390,380,370,360,350,350,360,370,360,350,340,330,330,340,350,340,0
NYS,Andruw Jones,ATL,"CF,LFRF",450,420,400,390,400,410,390,380,370,360,350,350,360,350,340,340,350,340,340,5
,Trevor Hoffman,SDP,RP,290,280,290,300,310,290,300,310,320,330,340,330,320,310,310,320,330,340,330,7
,Jose Rosado,KCR,SP,440,410,390,400,380,370,360,350,340,340,350,340,340,330,330,340,350,340,330,2
NYS,Bobby Higginson,DET,LFRF,450,420,400,410,420,400,390,390,380,380,390,380,370,360,350,340,340,330,330,0
AA,Scott Rolen,PHI,3B,390,390,370,360,350,340,350,340,330,330,320,310,300,300,310,300,300,310,320,7
AA,Jose Vidro,MON,2B,400,380,360,350,360,340,330,320,320,310,300,290,290,300,310,320,310,310,320,3
NY,Edgar Martinez,SEA,DH,460,450,430,420,410,400,390,380,380,370,360,360,350,340,330,330,320,310,310,7
NY,Gabe White,COL,RP,260,290,300,310,290,300,310,320,330,320,310,300,300,290,280,280,290,300,310,0
,Jeff Cirillo,COL,3B,300,330,340,350,360,340,350,360,350,340,330,320,320,330,340,330,320,310,300,2
AA,Cliff Floyd,FLA,LFRF,440,410,390,400,380,390,370,360,360,370,360,360,350,340,330,320,310,300,300,1
DET,Johnny Damon (OAK),OAK,"CF,LFRF",340,330,340,320,330,310,320,330,320,320,330,340,330,320,310,300,290,290,300,2
,Tom Glavine,ATL,SP,480,450,430,420,410,400,390,380,370,370,360,360,350,340,330,320,310,300,290,10
,Randy Johnson,ARI,SP,440,420,400,390,380,370,360,360,350,340,330,320,310,300,300,290,290,300,290,10
,Frank Thomas,CHW,DH,440,420,400,390,380,370,360,350,340,330,330,320,310,300,300,290,290,300,290,5
,Tim Hudson,OAK,SP,440,420,400,410,390,380,370,360,360,370,360,350,340,340,330,320,310,300,290,4
BOS,Frank Castillo,BOS,SP,420,390,370,380,360,350,340,340,330,320,320,310,310,300,300,310,300,290,290,0
,Roberto Alomar,CLE,2B,410,380,390,370,360,350,340,330,320,310,310,300,290,280,280,290,300,290,280,12
,Chipper Jones,ATL,3B,400,370,350,340,350,330,320,310,300,300,310,320,310,300,290,280,280,290,280,8
,Mike Mussina (NYY),NYY,SP,470,440,450,430,420,410,400,390,380,370,360,350,340,330,320,310,300,290,280,5
,Bernie Williams,NYY,"CF,LFRF",430,400,380,370,360,370,350,340,330,330,320,320,310,300,290,280,280,290,280,5
,Johnny Damon (KCR),KCR,"CF,LFRF",350,330,340,320,330,310,320,330,340,330,330,320,320,330,320,310,300,290,280,2
,Jon Lieber,CHC,SP,470,440,420,410,400,390,380,370,360,350,340,340,330,320,310,300,290,290,280,1
AA,Ken Griffey Jr.,CIN,"CF,LFRF",420,400,380,370,360,350,360,350,340,330,330,320,310,300,300,290,290,280,280,13
BOS,Charles Johnson (FLA),FLA,C,370,340,320,310,300,310,290,290,300,290,290,280,280,270,270,280,270,270,280,2
,Mike Hampton (NYM),NYM,SP,460,430,410,420,400,390,380,370,360,350,340,330,320,310,300,290,290,280,270,2
AA,Ryan Klesko,SDP,1B,380,400,380,390,400,380,370,360,350,340,330,330,320,310,300,290,280,270,270,1
AA,Curt Schilling,ARI,SP,450,420,400,390,380,370,360,350,340,330,320,310,300,290,280,270,260,260,270,6
,Will Clark,STL,1B,400,380,390,370,360,350,340,330,320,310,310,300,290,280,270,270,280,270,260,6
,Mike Mussina (BAL),BAL,SP,450,420,400,390,400,380,370,360,350,340,330,320,310,310,300,290,280,270,260,5
,Jeffrey Hammonds,COL,LFRF,380,380,390,400,380,370,360,360,350,340,330,330,320,310,300,290,280,270,260,1
,Pete Harnisch,CIN,SP,380,350,330,320,310,320,300,300,310,320,310,310,320,310,300,290,280,270,260,1
,Fernando Tatis (MON),MON,3B,370,360,370,350,340,330,340,330,320,310,300,300,290,280,280,290,280,270,260,0
,Chris Stynes (BOS),BOS,"2B,3B",350,320,300,310,290,280,290,300,310,320,330,320,310,300,290,280,280,270,260,0
DET,Magglio Ordonez,CHW,LFRF,420,410,390,400,380,370,360,350,340,330,330,320,310,300,290,280,270,260,260,6
,Mike Piazza,NYM,C,450,420,400,390,380,370,360,350,340,330,320,310,310,300,290,280,270,260,250,12
,Carl Everett,BOS,"CF,LFRF",460,430,410,400,390,380,370,360,350,340,330,320,310,300,290,280,270,260,250,2
DET,Barry Larkin,CIN,SS,320,290,300,280,290,270,280,270,270,280,270,270,280,290,280,270,260,250,250,12
DET,John Smoltz,ATL,SP,440,410,390,380,370,360,350,340,330,320,310,310,300,290,280,270,260,250,250,8
DET,Ken Caminiti,TEX,3B,380,350,330,320,330,310,300,300,290,280,280,290,280,270,260,250,240,240,250,3
NYS,Mike Sweeney,KCR,1B,380,350,360,340,330,320,310,300,290,290,280,270,270,260,250,240,230,230,240,5
,Luis Castillo,FLA,2B,340,310,290,300,310,320,300,290,280,280,290,300,290,280,270,260,250,240,230,3
,Kevin Millwood,ATL,SP,410,380,360,350,340,330,340,330,320,310,300,290,280,270,260,250,240,240,230,1
,J.D. Drew,STL,LFRF,340,310,320,300,310,290,300,310,300,290,280,270,260,260,270,260,250,240,230,1
,Corey Koskie,MIN,3B,280,300,310,290,300,280,270,270,280,290,280,270,270,260,250,250,240,240,230,0
BOS,Rick Helling,TEX,SP,340,320,330,340,350,330,340,330,320,310,300,290,280,270,260,250,240,230,230,0
,Kris Benson,PIT,SP,420,390,370,360,350,340,330,320,320,310,300,290,280,270,260,250,240,230,220,0
,Rick White,NYM,RP,360,330,340,320,310,300,290,290,280,270,260,260,250,240,240,250,240,230,220,0
NY,Arthur Rhodes,SEA,RP,250,260,240,250,260,240,230,230,220,210,200,190,190,180,180,190,200,210,220,1
,David Justice,NYY,LFRF,420,390,370,360,350,340,330,320,310,300,290,280,270,260,250,240,230,220,210,3
,Mike Hampton (COL),COL,SP,390,380,360,350,340,330,320,310,300,290,280,270,270,260,250,240,230,220,210,2
,Geoff Jenkins,MIL,LFRF,380,350,330,320,310,300,290,280,270,270,280,270,260,250,240,230,220,220,210,1
,Robert Person,PHI,SP,290,320,330,340,320,310,300,290,280,270,260,260,250,240,230,230,220,220,210,0
,Carl Pavano,MON,SP,400,370,350,340,330,320,310,300,290,280,280,270,260,250,240,230,220,210,200,1
,Jeff Nelson (SEA),SEA,RP,220,230,210,200,190,200,210,200,190,190,200,210,200,200,210,200,200,210,200,1
,Sidney Ponson,BAL,SP,410,380,360,350,340,330,320,310,300,290,280,270,260,250,240,230,220,210,200,0
,Jose Valentin (SS/OF),CHW,"CF,LFRF,SS",400,380,360,350,340,330,320,310,300,290,280,270,260,250,240,230,220,210,200,0
,Jose Valentin (SS),CHW,SS,390,360,340,330,320,310,300,290,280,270,260,250,240,230,230,220,210,210,200,0
NYS,Jeff Nelson (NYY),NYY,RP,220,210,220,200,210,220,200,200,210,200,200,210,200,200,210,220,210,200,200,1
AA,Scott Schoeneweis,ANA,SP,380,350,330,320,310,320,300,290,280,270,260,250,250,240,230,220,210,200,200,0
,Lance Berkman,HOU,LFRF,400,370,350,340,330,320,310,300,290,280,270,260,250,240,230,220,210,200,190,6
,Larry Walker,COL,LFRF,340,330,340,320,310,300,290,280,270,270,260,250,250,240,230,220,210,200,190,5
,Kenny Rogers,TEX,SP,390,360,340,330,320,310,300,290,280,270,260,250,240,230,220,210,210,200,190,4
,Rafael Palmeiro,TEX,1B,390,360,340,330,320,310,300,290,280,270,260,250,240,230,230,220,210,200,190,4
,Andy Pettitte,NYY,SP,400,370,350,340,330,320,310,300,290,280,270,260,250,240,230,220,210,200,190,3
,Woody Williams,SDP,SP,400,370,350,340,330,320,310,300,290,280,270,260,250,240,230,220,210,200,190,1
,Albie Lopez,TBD,SP,400,370,350,340,330,320,310,300,290,280,270,260,250,240,230,220,210,200,190,0
,Shannon Stewart,TOR,LFRF,370,340,320,310,300,290,280,270,260,260,270,260,250,240,230,220,210,200,190,0
AA,Mike Lieberthal,PHI,C,270,240,250,230,240,250,230,230,220,210,210,220,210,200,200,190,180,180,190,2
,Chuck Finley,CLE,SP,390,360,340,330,320,310,300,290,280,270,260,250,240,230,220,210,200,190,180,5
,Ray Durham,CHW,2B,360,330,310,300,290,280,290,280,270,270,260,250,240,230,220,210,200,190,180,2
,Matt Lawton,MIN,LFRF,300,270,280,290,300,310,290,290,280,270,260,250,240,230,220,210,200,190,180,2
,Phil Nevin,SDP,3B,360,340,320,310,300,290,300,290,280,270,260,250,240,230,220,210,200,190,180,1
,Mike Cameron,SEA,"CF,LFRF",350,320,300,290,280,270,260,250,250,240,230,230,220,220,210,200,190,190,180,1
,Eric Young,CHC,2B,320,290,300,280,270,280,260,260,270,260,250,250,240,230,220,210,200,190,180,1
,Brian Bohanon,COL,SP,390,360,340,330,320,310,300,290,280,270,260,250,240,230,220,210,200,190,180,0
,Mike Sirotka,CHW,SP,390,360,340,330,320,310,300,290,280,270,260,250,240,230,220,210,200,190,180,0
BOS,Travis Fryman,CLE,3B,300,280,260,270,250,260,240,240,250,240,230,220,220,210,200,200,190,180,180,5
BOS,Quilvio Veras,ATL,2B,320,290,270,260,250,260,270,260,250,240,240,230,230,220,210,200,190,180,180,0
BOS,Ugueth Urbina,MON,RP,270,300,280,270,260,250,240,230,230,220,210,200,190,190,180,180,170,170,180,2
,Edgar Renteria,STL,SS,270,250,230,240,250,260,270,280,270,260,250,240,230,220,210,200,190,180,170,5
,Jermaine Dye,KCR,LFRF,370,340,320,310,300,290,280,270,260,250,240,230,220,210,200,200,190,180,170,2
AA,Keith Foulke,CHW,RP,270,290,270,260,250,260,240,230,220,210,200,190,180,180,190,180,180,170,170,1
,Andres Galarraga (TEX),TEX,DH,370,340,320,310,300,290,280,270,260,250,240,230,220,210,200,190,180,170,160,5
,Luis Gonzalez,ARI,LFRF,360,330,310,300,290,280,270,260,250,240,230,220,210,200,190,180,170,170,160,5
,Brady Anderson,BAL,"CF,LFRF",330,300,310,290,280,270,260,250,250,240,230,220,210,200,200,190,180,170,160,3
,Ron Gant (COL),COL,LFRF,370,340,320,310,300,290,280,270,260,250,240,230,220,210,200,190,180,170,160,2
,Freddy Garcia,SEA,SP,330,340,320,310,300,290,280,270,260,250,240,230,220,210,200,190,180,170,160,2
,Juan Guzman,TBD,SP,360,330,310,300,290,280,270,270,260,250,240,230,220,210,200,190,180,170,160,1
,James Baldwin,CHW,SP,350,320,300,290,280,270,280,270,260,250,240,230,220,210,200,190,180,170,160,1
,Brad Ausmus (DET),DET,C,210,240,250,260,240,230,220,220,230,220,210,210,220,210,200,190,180,170,160,1
,Jim Parque,CHW,SP,350,320,330,310,300,290,280,270,260,250,240,230,220,210,200,190,180,170,160,0
,Chris Stynes (CIN),CIN,3B,320,290,270,260,250,260,240,230,220,210,210,220,210,200,190,180,170,170,160,0
,Roger Clemens,NYY,SP,350,320,300,290,280,270,260,250,240,230,220,210,200,200,190,180,170,160,150,11
,Bartolo Colon,CLE,SP,360,330,310,300,290,280,270,260,250,240,230,220,210,200,190,180,170,160,150,4
,Ryan Dempster,FLA,SP,360,330,310,300,290,280,270,260,250,240,230,220,210,200,190,180,170,160,150,2
,Kazuhiro Sasaki,SEA,RP,240,230,240,250,260,240,230,220,210,200,190,180,180,170,160,160,170,160,150,2
,Ray Lankford,STL,LFRF,350,320,300,290,280,270,260,250,240,230,220,210,200,190,180,180,170,160,150,1
,Brad Ausmus (HOU),HOU,C,200,230,210,220,230,210,220,210,200,200,210,200,190,190,180,170,170,160,150,1
,Glendon Rusch,NYM,SP,360,330,310,300,290,280,270,260,250,240,230,220,210,200,190,180,170,160,150,0
,Rick Ankiel,STL,SP,340,310,290,280,270,260,250,240,240,230,220,210,200,200,190,180,170,160,150,0
,Delino DeShields,BAL,"2B,LFRF",320,290,270,260,250,240,230,220,220,230,220,210,200,190,180,170,170,160,150,0
,Travis Harper,TBD,SP,300,270,250,260,270,250,240,230,220,210,210,220,210,200,190,180,170,160,150,0
,Roger Cedeno,DET,LFRF,260,280,260,250,260,240,230,230,220,210,200,200,190,180,170,170,160,160,150,0
NY,Bob Wickman,CLE,RP,250,220,200,190,180,190,200,210,200,190,180,180,170,160,160,150,140,140,150,2
,Rod Beck,BOS,RP,220,200,210,220,200,190,200,190,180,180,170,160,150,150,160,170,160,150,140,3
,Brad Penny,FLA,SP,310,280,260,250,240,230,220,210,200,190,180,180,170,160,150,150,160,150,140,2
,Brad Radke,MIN,SP,350,320,300,290,280,270,260,250,240,230,220,210,200,190,180,170,160,150,140,1
,Shawn Estes,SFG,SP,350,320,300,290,280,270,260,250,240,230,220,210,200,190,180,170,160,150,140,1
,Kevin Appier (NYM),NYM,SP,330,300,280,270,260,270,250,240,230,220,210,200,190,190,180,170,160,150,140,1
,Adam Eaton,SDP,SP,350,320,300,290,280,270,260,250,240,230,220,210,200,190,180,170,160,150,140,0
,Bryan Rekar,TBD,SP,350,320,300,290,280,270,260,250,240,230,220,210,200,190,180,170,160,150,140,0
,Jamey Wright,MIL,SP,350,320,300,290,280,270,260,250,240,230,220,210,200,190,180,170,160,150,140,0
,Javier Vazquez,MON,SP,350,320,300,290,280,270,260,250,240,230,220,210,200,190,180,170,160,150,140,0
,Jeff Weaver,DET,SP,350,320,300,290,280,270,260,250,240,230,220,210,200,190,180,170,160,150,140,0
,Michael Tucker,CIN,LFRF,330,300,280,270,260,250,240,240,230,220,210,200,190,190,180,170,160,150,140,0
,Joey Hamilton,TOR,SP,280,250,230,220,210,200,190,180,170,160,150,140,130,130,140,150,160,150,140,0
,Geraldo Guzman,ARI,SP,270,260,270,250,240,230,240,230,220,210,200,190,180,180,170,160,150,150,140,0
,Bob Wells,MIN,RP,210,200,180,170,180,190,170,170,180,170,160,150,150,140,140,150,160,150,140,0
BOS,Dave Hansen,LAD,DH,310,280,260,250,240,230,220,210,210,200,190,190,180,180,170,160,150,140,140,0
AA,Jose Jimenez,COL,RP,260,230,210,200,210,220,200,190,190,200,190,180,170,160,160,150,150,140,140,0
NY,Chad Kreuter,LAD,C,240,230,240,250,230,220,210,200,200,210,200,190,180,170,160,160,150,140,140,0
BOS,Armando Benitez,NYM,RP,230,210,190,180,170,160,150,150,160,150,150,140,140,150,140,140,130,130,140,2
,Craig Biggio,HOU,2B,260,290,270,260,250,240,230,230,220,210,200,190,180,170,160,150,140,140,130,7
,Andy Ashby (ATL),ATL,SP,340,310,290,280,270,260,250,240,230,220,210,200,190,180,170,160,150,140,130,2
,Andy Ashby (LAD),LAD,SP,340,310,290,280,270,260,250,240,230,220,210,200,190,180,170,160,150,140,130,2
,Steve Finley,ARI,"CF,LFRF",340,310,290,280,270,260,250,240,230,220,210,200,190,180,170,160,150,140,130,2
,Brian Moehler,DET,SP,340,310,290,280,270,260,250,240,230,220,210,200,190,180,170,160,150,140,130,0
,Dan Reichert,KCR,SP,340,310,290,280,270,260,250,240,230,220,210,200,190,180,170,160,150,140,130,0
,Dave Burba,CLE,SP,340,310,290,280,270,260,250,240,230,220,210,200,190,180,170,160,150,140,130,0
,Gil Heredia,OAK,SP,340,310,290,280,270,260,250,240,230,220,210,200,190,180,170,160,150,140,130,0
,Kelvim Escobar,TOR,SP,340,310,290,280,270,260,250,240,230,220,210,200,190,180,170,160,150,140,130,0
,Tim Salmon,ANA,LFRF,340,310,290,280,270,260,250,240,230,220,210,200,190,180,170,160,150,140,130,0
,Paul Rigdon,MIL,SP,290,280,260,250,260,270,250,240,230,220,210,200,190,180,170,160,150,140,130,0
,Rich Becker,DET,"CF,LFRF",280,260,240,250,230,220,210,200,200,210,200,190,180,170,170,160,150,140,130,0
,Jerry Hairston Jr.,BAL,2B,240,250,230,220,230,240,220,210,200,190,180,170,170,180,170,160,150,140,130,0
BOS,Ben Sheets,MIL,SP,290,260,240,230,240,220,210,200,200,190,180,170,170,160,150,140,140,130,130,4
,Todd Hundley (CHC),CHC,C,330,300,280,270,260,250,240,230,220,210,200,190,180,170,160,150,140,130,120,2
,Alex Ochoa,CIN,LFRF,330,300,280,270,260,250,240,230,220,210,200,190,180,170,160,150,140,130,120,0
,David Segui (CLE),CLE,1B,320,290,270,260,250,240,230,220,210,200,190,180,170,160,150,140,140,130,120,0
,Hideki Irabu,MON,SP,320,290,270,260,250,240,230,220,210,200,200,190,180,170,160,150,140,130,120,0
,Ramiro Mendoza,NYY,RP,290,260,240,230,220,210,200,190,180,170,160,150,150,140,130,120,120,130,120,0
,Scott Strickland,MON,RP,220,190,200,210,220,200,190,180,180,190,200,190,180,170,160,150,140,130,120,0
,Adrian Beltre,LAD,3B,280,250,230,220,230,240,220,210,200,190,180,170,160,150,140,130,130,120,110,4
,Esteban Loaiza,TOR,SP,320,290,270,260,250,240,230,220,210,200,190,180,170,160,150,140,130,120,110,2
,Tony Batista,TOR,3B,290,260,270,250,240,230,220,210,200,190,180,170,170,160,150,140,130,120,110,2
,Jamie Moyer,SEA,SP,320,290,270,260,250,240,230,220,210,200,190,180,170,160,150,140,130,120,110,1
,Damion Easley,DET,2B,280,260,270,250,240,230,220,210,200,190,180,180,170,160,150,140,130,120,110,1
,Erubiel Durazo,ARI,"1B,LFRF",320,290,270,260,250,240,230,220,210,200,190,180,170,160,150,140,130,120,110,0
,Kirk Rueter,SFG,SP,320,290,270,260,250,240,230,220,210,200,190,180,170,160,150,140,130,120,110,0
,Mac Suzuki,KCR,SP,320,290,270,260,250,240,230,220,210,200,190,180,170,160,150,140,130,120,110,0
,Tomokazu Ohka,BOS,SP,320,290,270,260,250,240,230,220,210,200,190,180,170,160,150,140,130,120,110,0
,Trenidad Hubbard,BAL,DH,320,290,270,260,250,240,230,220,210,200,190,180,170,160,150,140,130,120,110,0
,Frank Catalanotto,TEX,"1B,2B",300,270,250,240,250,230,220,210,200,190,180,170,160,160,150,140,130,120,110,0
,Mark Grace (ARI),ARI,1B,300,270,250,240,250,230,220,210,200,190,180,170,160,160,150,140,130,120,110,0
,Jose Santiago,KCR,RP,290,260,240,230,220,210,200,190,180,170,160,150,140,140,150,140,130,120,110,0
,Rusty Greer,TEX,LFRF,270,250,230,220,210,200,190,180,180,190,180,170,160,160,150,140,130,120,110,0
NY,Jim Thome,CLE,1B,310,280,260,250,240,230,220,210,200,190,180,170,160,150,140,130,120,110,110,5
,Tony Gwynn,SDP,LFRF,260,250,230,220,210,200,190,180,170,160,150,150,160,150,140,130,120,110,100,15
,Kenny Lofton,CLE,"CF,LFRF",290,260,240,230,220,210,220,210,200,190,180,170,160,150,140,130,120,110,100,6
,Greg Vaughn,TBD,LFRF,300,270,250,240,230,220,210,200,190,180,170,160,150,140,130,120,120,110,100,4
,Richie Sexson,MIL,"1B,LFRF",300,270,250,240,230,220,210,200,200,190,180,170,160,150,140,130,120,110,100,2
,Shawn Green,LAD,LFRF,280,260,240,230,220,210,200,190,190,180,170,160,150,140,130,120,120,110,100,2
,Jay Buhner,SEA,LFRF,310,280,260,250,240,230,220,210,200,190,180,170,160,150,140,130,120,110,100,1
,Kevin Appier (OAK),OAK,SP,310,280,260,250,240,230,220,210,200,190,180,170,160,150,140,130,120,110,100,1
,Fernando Vina,STL,2B,240,260,240,230,220,210,200,190,180,180,170,160,150,140,140,130,120,110,100,1
,Armando Reynoso,ARI,SP,310,280,260,250,240,230,220,210,200,190,180,170,160,150,140,130,120,110,100,0
,Brian Anderson,ARI,SP,310,280,260,250,240,230,220,210,200,190,180,170,160,150,140,130,120,110,100,0
,Jose Mercedes,BAL,SP,310,280,260,250,240,230,220,210,200,190,180,170,160,150,140,130,120,110,100,0
,Kevin Tapani,CHC,SP,310,280,260,250,240,230,220,210,200,190,180,170,160,150,140,130,120,110,100,0
,David Segui (BAL),BAL,1B,300,270,250,240,230,220,210,200,190,180,170,160,150,140,140,130,120,110,100,0
BOS,Kevin Walker,SDP,RP,220,200,180,170,160,150,140,130,120,120,130,140,130,120,110,100,90,90,100,0
,Andres Galarraga (ATL),ATL,1B,300,270,250,240,230,220,210,200,190,180,170,160,150,140,130,120,110,100,90,5
,Mike Lowell,FLA,3B,280,250,230,220,210,200,190,180,170,160,150,140,130,130,120,120,110,100,90,4
,Omar Vizquel,CLE,SS,250,220,200,190,180,170,180,170,160,160,170,160,150,140,130,120,110,100,90,3
,Rafael Furcal,ATL,SS,250,220,200,190,180,190,170,170,180,170,170,160,150,140,130,120,110,100,90,3
,Derek Lowe,BOS,RP,250,220,200,190,180,170,160,150,150,160,170,160,150,140,130,120,110,100,90,2
,Jon Garland,CHW,SP,270,260,240,230,220,210,200,190,180,170,160,150,150,140,130,120,110,100,90,1
,Aaron Boone,CIN,3B,240,270,250,240,230,220,210,200,190,180,170,160,150,140,130,120,110,100,90,1
,Bruce Chen,PHI,SP,300,270,250,240,230,220,210,200,190,180,170,160,150,140,130,120,110,100,90,0
,Matt Clement,SDP,SP,300,270,250,240,230,220,210,200,190,180,170,160,150,140,130,120,110,100,90,0
,Fernando Tatis (STL),STL,3B,260,230,210,220,200,190,180,170,170,160,150,140,140,130,120,110,110,100,90,0
,Todd Pratt,NYM,C,230,200,180,170,160,150,160,150,140,130,120,120,110,100,100,90,90,100,90,0
DET,Greg Swindell,ARI,RP,210,180,190,170,160,150,140,130,120,110,110,100,90,90,100,110,100,90,90,1
BOS,Paul Wilson,TBD,SP,280,250,230,220,210,200,190,180,170,160,150,140,130,130,120,110,100,90,90,0
NYS,Pat Rapp,BAL,SP,240,210,190,180,170,160,150,140,130,120,110,100,100,90,80,70,70,80,90,0
AA,Matt Mantei,ARI,RP,170,150,130,120,110,120,130,120,110,100,90,80,80,70,60,60,70,80,90,0
,Juan Gonzalez (CLE),CLE,LFRF,290,260,240,230,220,210,200,190,180,170,160,150,140,130,120,110,100,90,80,3
,Hideo Nomo (DET),DET,SP,290,260,240,230,220,210,200,190,180,170,160,150,140,130,120,110,100,90,80,1
,Mitch Meluskey,HOU,C,290,260,240,230,220,210,200,190,180,170,160,150,140,130,120,110,100,90,80,0
,Orlando Hernandez,NYY,SP,290,260,240,230,220,210,200,190,180,170,160,150,140,130,120,110,100,90,80,0
,Greg Colbrunn,ARI,1B,270,240,220,210,200,190,180,170,160,150,150,140,130,120,110,110,100,90,80,0
,Billy Koch,TOR,RP,250,220,200,190,180,170,180,170,160,150,140,130,130,120,110,100,100,90,80,0
,Jacob Cruz,CLE,"CF,LFRF",250,220,200,190,180,170,180,190,180,170,160,150,140,130,120,110,100,90,80,0
,Mark Kotsay,FLA,LFRF,230,260,240,230,220,210,200,190,180,170,160,150,140,130,120,110,100,90,80,0
AA,Rich Garces,BOS,RP,220,190,170,180,160,150,140,130,120,110,100,90,80,70,70,80,70,70,80,0
,Miguel Tejada,OAK,SS,270,240,220,210,200,190,180,170,170,160,150,140,130,120,110,100,90,80,70,6
,Fred McGriff,TBD,1B,270,240,220,210,200,190,180,170,160,150,140,130,130,120,110,100,90,80,70,5
,Sean Casey,CIN,1B,280,250,230,220,210,200,190,180,170,160,150,140,130,120,110,100,90,80,70,3
,Mark Grace (CHC),CHC,1B,210,180,160,170,150,140,130,130,120,120,110,100,100,90,80,70,70,80,70,3
,Denny Neagle,NYY,SP,280,250,230,220,210,200,190,180,170,160,150,140,130,120,110,100,90,80,70,2
,John Olerud,SEA,1B,230,210,220,200,190,180,170,160,160,150,140,140,130,120,110,100,90,80,70,2
,Mark Redman,MIN,SP,280,250,230,220,210,200,190,180,170,160,150,140,130,120,110,100,90,80,70,1
,Raul Mondesi,TOR,LFRF,280,250,230,220,210,200,190,180,170,160,150,140,130,120,110,100,90,80,70,1
,Tony Clark,DET,1B,280,250,230,220,210,200,190,180,170,160,150,140,130,120,110,100,90,80,70,1
,Ben Grieve (OAK),OAK,LFRF,270,240,220,210,200,190,180,170,160,150,140,130,120,120,110,100,90,80,70,1
,Denny Hocking,MIN,"2B,CF,LFRF",260,230,210,220,200,210,190,180,170,160,150,140,130,120,110,100,90,80,70,0
,John Halama,SEA,SP,260,230,210,200,190,180,170,160,160,150,140,130,120,110,100,90,80,80,70,0
,Ricky Gutierrez,CHC,SS,230,210,190,180,170,160,150,140,140,130,120,110,100,100,110,100,90,80,70,0
AA,Gregg Zaun,KCR,C,250,220,230,210,200,190,180,170,160,150,140,130,120,110,100,90,80,70,70,0
,Ron Gant (ANA),ANA,LFRF,270,240,220,210,200,190,180,170,160,150,140,130,120,110,100,90,80,70,60,2
,Jason Isringhausen,OAK,RP,230,200,180,170,160,150,140,130,120,110,100,100,90,80,70,60,60,70,60,2
,Preston Wilson,FLA,"CF,LFRF",270,240,220,210,200,190,180,170,160,150,140,130,120,110,100,90,80,70,60,1
,Brad Fullmer,TOR,DH,270,240,220,210,200,190,180,170,160,150,140,130,120,110,100,90,80,70,60,0
,Darren Dreifort,LAD,SP,270,240,220,210,200,190,180,170,160,150,140,130,120,110,100,90,80,70,60,0
,Jose Cruz Jr.,TOR,"CF,LFRF",270,240,220,210,200,190,180,170,160,150,140,130,120,110,100,90,80,70,60,0
,Garrett Stephenson,STL,SP,260,240,220,210,200,190,180,170,160,150,140,130,120,110,100,90,80,70,60,0
,Herbert Perry,CHW,3B,240,210,190,180,170,160,150,140,130,130,140,130,120,110,100,90,80,70,60,0
,Steve Parris,CIN,SP,240,210,190,180,170,160,150,140,130,120,110,100,90,80,70,60,60,70,60,0
,Tyler Houston,MIL,"3B,C",240,230,210,200,190,180,170,160,150,140,130,120,120,110,100,90,80,70,60,0
,Jeff Frye,COL,2B,190,180,160,150,140,130,140,130,120,110,100,90,80,70,70,60,60,70,60,0
,Juan Pierre,COL,"CF,LFRF",180,210,220,200,190,180,170,160,150,140,130,120,110,100,100,90,80,70,60,0
NYS,Steve Cox,TBD,"1B,LFRF",260,230,210,200,190,180,170,160,150,140,130,120,110,100,90,80,70,60,60,0
NY,David Ortiz,MIN,DH,180,150,130,120,110,120,100,90,90,80,70,70,60,50,50,40,40,50,60,10
NY,Kelly Wunsch,CHW,RP,230,200,180,170,160,150,140,130,120,110,100,90,90,80,70,60,50,50,60,0
,Paul Konerko,CHW,1B,250,220,200,190,180,170,160,150,140,130,130,120,110,100,90,80,70,60,50,6
,Dante Bichette,BOS,LFRF,260,230,210,200,190,180,170,160,150,140,130,120,110,100,90,80,70,60,50,4
,Carlos Lee,CHW,LFRF,260,230,210,200,190,180,170,160,150,140,130,120,110,100,90,80,70,60,50,3
,Mo Vaughn,ANA,1B,260,230,210,200,190,180,170,160,150,140,130,120,110,100,90,80,70,60,50,3
,Derrek Lee,FLA,1B,260,230,210,200,190,180,170,160,150,140,130,120,110,100,90,80,70,60,50,2
,Dean Palmer,DET,3B,260,230,210,200,190,180,170,160,150,140,130,120,110,100,90,80,70,60,50,1
,Eric Milton,MIN,SP,250,220,200,190,180,170,160,150,140,130,120,110,100,90,90,80,70,60,50,1
,Eric Chavez,OAK,3B,260,230,210,200,190,180,170,160,150,140,130,120,110,100,90,80,70,60,50,0
,Jose Guillen,TBD,LFRF,260,230,210,200,190,180,170,160,150,140,130,120,110,100,90,80,70,60,50,0
,Mark Quinn,KCR,LFRF,260,230,210,200,190,180,170,160,150,140,130,120,110,100,90,80,70,60,50,0
,Damian Jackson,SDP,"2B,SS",250,220,200,190,180,170,160,150,140,130,120,110,110,100,90,80,70,60,50,0
,J.T. Snow,SFG,1B,250,220,200,190,180,170,160,150,140,130,120,110,100,100,90,80,70,60,50,0
,Scott Spiezio,ANA,DH,250,220,200,190,180,170,160,150,140,130,120,110,100,90,80,80,70,60,50,0
,Trot Nixon,BOS,LFRF,250,220,200,190,180,170,160,150,140,130,120,110,110,100,90,80,70,60,50,0
,Julio Lugo,HOU,"2B,SS",240,210,190,180,170,160,170,160,150,140,130,120,110,100,90,80,70,60,50,0
,Jimmy Haynes,MIL,SP,230,230,210,200,190,180,170,160,150,140,130,120,110,100,90,80,70,60,50,0
,Joe Randa,KCR,3B,230,200,180,170,160,150,160,150,140,130,120,110,100,90,80,70,60,60,50,0
,Olmedo Saenz,OAK,DH,220,220,200,190,180,170,160,150,140,130,120,110,100,90,90,80,70,60,50,0
,Octavio Dotel (SP),HOU,SP,200,170,150,140,150,130,120,110,110,100,100,90,80,70,60,60,70,60,50,0
,Rob Bell,CIN,SP,190,160,140,150,130,140,120,110,110,120,110,100,90,80,70,70,60,60,50,0
AA,Ben Grieve (TBD),TBD,LFRF,250,220,200,190,180,170,160,150,140,130,120,110,100,90,80,70,60,50,50,1
BOS,Adrian Brown,PIT,"CF,LFRF",230,200,180,170,160,150,160,150,140,130,120,110,100,90,80,70,60,50,50,0
,Javy Lopez,ATL,C,240,210,190,180,170,160,150,140,130,120,110,100,90,80,70,60,60,50,40,3
,Jay Bell,ARI,2B,250,220,200,190,180,170,160,150,140,130,120,110,100,90,80,70,60,50,40,2
,Mark Mulder,OAK,SP,240,210,190,180,170,160,150,140,130,120,110,100,90,80,80,70,60,50,40,2
,Eric Davis,SFG,LFRF,220,190,170,160,150,140,130,120,110,100,100,110,100,90,80,70,60,50,40,2
,Melvin Mora (SS),BAL,SS,220,190,170,160,150,140,130,120,110,100,90,80,70,60,50,50,60,50,40,2
,Darrin Fletcher,TOR,C,250,220,200,190,180,170,160,150,140,130,120,110,100,90,80,70,60,50,40,1
,Ramon Ortiz,ANA,SP,250,220,200,190,180,170,160,150,140,130,120,110,100,90,80,70,60,50,40,0
,Marvin Benard,SFG,"CF,LFRF",230,200,180,190,170,180,160,150,140,130,120,110,100,90,80,70,60,50,40,0
,Darryl Hamilton,NYM,"CF,LFRF",220,220,200,190,180,170,160,150,140,130,120,110,100,90,80,70,60,50,40,0
,Randy Velarde (TEX),TEX,2B,210,190,170,160,150,140,130,130,140,130,120,110,100,90,80,70,60,50,40,0
,Tom Goodwin,LAD,"CF,LFRF",210,180,190,170,180,160,150,150,140,130,120,110,100,90,80,70,60,50,40,0
,Bob Howry,CHW,RP,200,170,180,160,150,140,130,120,110,100,90,80,70,70,80,70,60,50,40,0
,Dave Magadan,SDP,"1B,3B",190,170,150,160,140,150,160,150,140,130,120,110,100,90,80,70,60,50,40,0
,Matt Kinney,MIN,SP,190,180,160,150,140,130,140,150,140,130,120,110,100,90,80,70,60,50,40,0
DET,Chris Holt (DET),DET,SP,240,210,190,180,170,160,150,140,130,120,110,100,90,80,70,60,50,40,40,0
AA,Mike Fetters,LAD,RP,230,200,180,170,160,150,140,130,120,110,100,90,80,80,70,60,50,40,40,0
NY,Jim Mecir,OAK,RP,210,180,160,150,140,130,120,110,100,90,80,70,60,60,70,60,50,40,40,0
,Rickey Henderson,SEA,LFRF,170,150,130,120,110,100,90,80,70,60,50,40,30,30,40,50,40,40,30,10
,Albert Belle,BAL,LFRF,240,210,190,180,170,160,150,140,130,120,110,100,90,80,70,60,50,40,30,5
,Chuck Knoblauch,NYY,2B,200,170,150,140,150,130,120,120,110,110,100,90,90,80,70,60,50,40,30,4
,Jeromy Burnitz,MIL,LFRF,240,210,190,180,170,160,150,140,130,120,110,100,90,80,70,60,50,40,30,1
,Rondell White,CHC,LFRF,230,200,180,170,160,150,140,130,120,110,110,100,90,80,70,60,50,40,30,1
,Gabe Kapler,TEX,"CF,LFRF",240,210,190,180,170,160,150,140,130,120,110,100,90,80,70,60,50,40,30,0
,Jeff Suppan,KCR,SP,240,210,190,180,170,160,150,140,130,120,110,100,90,80,70,60,50,40,30,0
,Pat Burrell,PHI,"1B,LFRF",240,210,190,180,170,160,150,140,130,120,110,100,90,80,70,60,50,40,30,0
,Russ Branyan,CLE,"3B,LFRF",240,210,190,180,170,160,150,140,130,120,110,100,90,80,70,60,50,40,30,0
,Neifi Perez,COL,SS,200,170,150,160,140,130,120,110,100,90,80,70,60,50,50,60,50,40,30,0
,Ben Petrick,COL,C,190,160,140,130,120,110,100,90,90,80,80,70,70,80,70,60,50,40,30,0
,Felix Rodriguez,SFG,RP,190,160,140,130,120,110,100,90,80,80,90,80,70,60,60,50,40,40,30,0
,LaTroy Hawkins,MIN,RP,180,150,130,120,110,100,90,80,70,60,60,50,40,30,20,20,30,40,30,0
,Jason Christiansen,STL,RP,160,130,110,100,90,80,70,60,50,50,60,70,60,50,50,60,50,40,30,0
NYS,Danny Graves,CIN,RP,200,170,150,140,130,120,110,100,90,80,70,60,60,70,60,50,40,30,30,2
NY,Mike Bordick (BAL),BAL,SS,230,200,180,170,160,150,140,130,120,110,100,90,80,70,60,50,40,30,30,1
NY,Hideo Nomo (BOS),BOS,SP,190,160,140,130,120,110,120,110,100,100,90,90,80,70,60,50,40,30,30,1
NYS,Dave Veres,STL,RP,190,160,140,130,120,110,100,90,80,70,60,60,70,60,50,50,40,30,30,0
NYS,Felix Heredia,CHC,RP,170,140,120,110,100,90,80,70,60,50,50,60,70,60,50,40,40,30,30,0
NYS,Melvin Mora (OF),BAL,"CF,LFRF",170,140,120,130,110,100,90,80,70,60,50,40,40,30,20,10,10,20,30,2
NY,Terry Adams,LAD,RP,210,180,160,150,140,130,120,110,100,90,80,70,60,50,40,30,20,20,30,0
DET,Paul O'Neill,NYY,LFRF,200,170,150,140,130,120,110,100,90,80,70,60,50,40,30,20,10,10,30,5
,Garret Anderson,ANA,"CF,LFRF",230,200,180,170,160,150,140,130,120,110,100,90,80,70,60,50,40,30,20,3
,Eric Gagne,LAD,SP,150,140,120,130,110,120,100,100,90,80,70,70,80,70,60,50,40,30,20,3
,Dmitri Young,CIN,LFRF,230,200,180,170,160,150,140,130,120,110,100,90,80,70,60,50,40,30,20,2
,Vicente Padilla,PHI,RP,190,160,140,130,120,110,100,90,80,70,60,50,40,30,30,20,20,30,20,1
,Felipe Crespo,SFG,LFRF,230,200,180,170,160,150,140,130,120,110,100,90,80,70,60,50,40,30,20,0
,Jimmy Anderson,PIT,SP,230,200,180,170,160,150,140,130,120,110,100,90,80,70,60,50,40,30,20,0
,Jose Ortiz,OAK,2B,230,200,180,170,160,150,140,130,120,110,100,90,80,70,60,50,40,30,20,0
,Steve Karsay,CLE,RP,190,160,140,130,120,110,100,90,80,70,60,50,40,30,30,20,20,30,20,0
,Eric Owens,SDP,"CF,LFRF",180,190,170,160,150,140,130,120,110,100,90,80,70,60,50,50,40,30,20,0
,Todd Walker,COL,2B,180,160,170,150,140,130,120,110,100,90,80,80,70,60,50,50,40,30,20,0
,Buddy Groom,BAL,RP,170,140,120,110,100,90,80,70,60,50,40,40,50,40,30,30,40,30,20,0
,Jose Paniagua,SEA,RP,160,130,110,100,90,80,70,70,80,70,60,60,70,60,60,50,40,30,20,0
,Kip Wells,CHW,SP,160,160,140,130,120,110,100,100,110,100,100,90,80,70,60,50,40,30,20,0
NY,Jeff Conine,BAL,"3B,LFRF",220,190,170,160,150,140,130,120,110,100,90,80,70,60,50,40,30,20,20,2
AA,Dave Weathers,MIL,RP,180,150,130,120,110,100,90,80,70,60,60,50,40,30,20,20,30,20,20,0
DET,Billy McMillon,DET,DH,160,130,110,120,130,110,120,110,100,90,80,70,60,50,40,40,30,20,20,0
DET,Mark Loretta,MIL,SS,150,130,110,100,90,80,70,60,50,40,30,20,20,30,20,10,10,10,20,2
DET,Roberto Hernandez,TBD,RP,120,100,80,70,60,50,40,30,20,10,10,10,10,10,10,10,10,10,20,2
BOS,Mike Remlinger,ATL,RP,200,170,150,140,130,120,110,100,90,80,70,60,50,40,40,30,20,10,20,1
NY,Ron Belliard,MIL,2B,190,160,140,130,120,110,100,90,80,70,70,60,50,40,30,30,20,10,20,1
BOS,Paul Shuey,CLE,RP,200,170,150,140,130,120,110,100,90,80,70,60,50,40,40,30,20,10,20,0
NYS,Turk Wendell,NYM,RP,160,130,110,120,100,90,100,90,80,70,60,50,40,30,20,10,10,10,20,0
DET,Vladimir Nunez,FLA,RP,70,40,20,10,20,10,10,10,10,10,10,10,10,10,10,10,10,10,20,0
DET,Luis Matos,BAL,"CF,LFRF",60,50,60,40,50,30,20,10,10,10,10,10,10,10,10,10,10,10,20,0
,John Franco,NYM,RP,200,170,150,140,130,120,110,100,90,80,70,60,50,40,30,30,20,20,10,4
,Jason Schmidt,PIT,SP,200,170,150,140,130,120,130,120,110,100,90,80,70,60,50,40,30,20,10,3
,Placido Polanco,STL,"2B,SS",220,190,170,160,150,140,130,120,110,100,90,80,70,60,50,40,30,20,10,2
,Kerry Wood,CHC,SP,190,160,170,150,140,130,120,110,100,90,80,70,70,60,50,40,30,20,10,2
,B.J. Surhoff,ATL,LFRF,220,190,170,160,150,140,130,120,110,100,90,80,70,60,50,40,30,20,10,1
,Mike Bordick (NYM),NYM,SS,220,190,170,160,150,140,130,120,110,100,90,80,70,60,50,40,30,20,10,1
,Odalis Perez,ATL,SP,150,140,120,130,110,100,110,100,90,80,70,60,50,50,40,40,30,20,10,1
,Dustin Hermanson (MON),MON,SP,220,190,170,160,150,140,130,120,110,100,90,80,70,60,50,40,30,20,10,0
,Jay Payton,NYM,"CF,LFRF",220,190,170,160,150,140,130,120,110,100,90,80,70,60,50,40,30,20,10,0
,Robin Ventura,NYM,3B,220,190,170,160,150,140,130,120,110,100,90,80,70,60,50,40,30,20,10,0
,Ruben Mateo,TEX,"CF,LFRF",220,190,170,160,150,140,130,120,110,100,90,80,70,60,50,40,30,20,10,0
,Wade Miller,HOU,SP,220,190,170,160,150,140,130,120,110,100,90,80,70,60,50,40,30,20,10,0
,Bill Spiers,HOU,"2B,3B,SS",210,180,160,150,140,130,120,110,100,90,80,70,60,50,40,30,20,20,10,0
,Pokey Reese,CIN,2B,210,180,160,150,140,130,120,110,100,90,80,70,60,50,40,30,30,20,10,0
,Randy Keisler,NYY,SP,210,180,160,150,140,130,120,110,100,90,80,70,60,60,50,40,30,20,10,0
,Ray King,MIL,RP,210,180,160,150,140,130,120,110,100,90,80,70,60,50,40,30,30,20,10,0
,Dan Miceli,FLA,RP,200,170,150,140,130,120,110,100,90,80,70,60,50,40,30,30,20,20,10,0
,Scott Hatteberg,BOS,C,180,150,130,120,110,100,110,100,90,80,70,60,50,40,40,30,30,20,10,0
,Rheal Cormier,BOS,RP,170,140,120,110,100,90,80,70,60,50,40,30,30,20,10,10,10,20,10,0
,Curtis Leskanic,MIL,RP,160,130,110,120,100,90,80,70,60,50,50,40,40,30,20,20,30,20,10,0
,Cal Ripken Jr.,BAL,3B,190,160,140,130,120,110,100,90,80,70,60,50,40,40,30,20,10,10,10,19
,Albert Pujols,STL,"3B,LFRF",100,70,50,40,30,20,30,20,10,10,10,10,10,10,10,10,10,10,10,11
,Alfonso Soriano,NYY,2B,110,80,60,50,40,50,30,20,10,10,10,10,10,10,10,10,10,10,10,7
,Billy Wagner,HOU,RP,160,160,140,130,120,110,100,90,80,70,60,60,50,40,30,20,10,10,10,6
,Bobby Bonilla,ATL,LFRF,140,110,90,80,70,60,50,40,30,20,20,30,20,10,10,10,10,10,10,6
,Sandy Alomar Jr. (CHW),CHW,C,130,100,80,70,60,50,40,30,20,20,10,10,10,10,10,10,10,10,10,6
,Sandy Alomar Jr. (CLE),CLE,C,120,90,70,80,90,70,60,50,40,30,30,20,10,10,10,10,10,10,10,6
,C.C. Sabathia,CLE,SP,10,40,50,60,70,50,60,50,40,40,30,30,20,10,10,10,10,10,10,6
,Torii Hunter,MIN,"CF,LFRF",160,130,110,100,90,80,70,60,50,40,30,20,10,8,6,10,10,10,10,5
,Matt Williams,ARI,3B,120,90,70,80,60,50,40,30,20,10,10,10,10,10,10,10,10,10,10,5
,Troy Percival,ANA,RP,120,90,70,60,50,40,30,20,10,10,10,10,10,10,10,10,10,10,10,4
,Paul Lo Duca,LAD,C,100,70,50,60,40,30,20,10,10,10,10,10,10,10,10,10,10,10,10,4
,Juan Gonzalez (DET),DET,LFRF,190,160,140,130,120,110,100,90,80,70,60,50,40,30,20,10,8,10,10,3
,Jimmy Rollins,PHI,SS,170,160,140,130,120,110,100,90,80,70,60,50,40,30,20,10,10,10,10,3
,Jason Varitek,BOS,C,150,120,100,90,80,70,60,50,40,30,20,10,10,20,10,10,10,10,10,3
,Rick Aguilera,CHC,RP,130,100,80,70,60,50,40,30,20,10,10,10,10,10,10,10,10,10,10,3
,Aramis Ramirez,PIT,3B,100,70,50,40,30,40,20,20,10,10,10,10,10,10,10,10,10,10,10,3
,Vernon Wells,TOR,"CF,LFRF",100,70,50,40,50,30,20,20,10,10,20,10,10,10,10,10,10,10,10,3
,John Wetteland,TEX,RP,40,10,20,10,10,10,10,10,10,10,10,10,10,10,10,10,10,10,10,3
,Cristian Guzman,MIN,SS,160,130,110,100,90,80,70,60,50,40,30,20,10,10,10,10,10,10,10,2
,Todd Hundley (LAD),LAD,C,150,120,100,90,80,70,60,50,40,30,30,20,10,10,10,10,10,10,10,2
,Jose Offerman,BOS,"1B,2B",140,110,90,80,70,60,70,80,70,60,50,40,30,30,20,10,10,10,10,2
,A.J. Pierzynski,MIN,C,130,100,80,70,60,50,40,30,20,10,8,10,10,10,10,10,10,10,10,2
,Tino Martinez,NYY,1B,130,100,80,70,60,50,40,30,30,20,10,10,10,10,10,10,10,10,10,2
,Ramon Martinez,BOS,SP,110,120,130,110,120,100,90,80,70,60,50,40,30,30,20,10,10,10,10,2
,Eddie Guardado,MIN,RP,90,60,40,30,20,30,10,10,20,10,10,10,10,10,10,10,10,10,10,2
,Marquis Grissom,MIL,"CF,LFRF",90,60,40,50,30,40,20,20,10,10,10,10,10,10,10,10,10,10,10,2
,Vinny Castilla,TBD,3B,30,60,40,30,20,30,10,10,10,10,10,10,10,10,10,10,10,10,10,2
,A.J. Burnett,FLA,SP,190,160,140,130,140,120,110,100,90,80,70,60,50,40,30,20,10,10,10,1
,Russ Ortiz,SFG,SP,190,160,140,130,120,110,100,90,80,80,70,60,50,40,40,30,20,10,10,1
,Jason Bere,CLE,SP,170,140,120,110,100,90,80,70,60,60,50,40,30,20,10,10,10,10,10,1
,Mike Stanton,NYY,RP,160,130,110,100,90,80,70,60,50,40,30,20,10,10,20,10,10,10,10,1
,Royce Clayton (TEX),TEX,SS,160,130,110,100,90,80,70,60,50,40,30,20,10,10,10,10,10,10,10,1
,Todd Jones,DET,RP,160,130,110,100,90,80,70,60,50,50,40,30,20,10,10,10,10,10,10,1
,Marcus Giles,ATL,2B,150,120,100,90,80,70,60,50,40,30,20,10,10,20,10,10,10,10,10,1
,Mark Grudzielanek,LAD,2B,150,120,100,90,80,70,60,50,40,30,30,20,10,10,10,10,10,10,10,1
,Joe Crede,CHW,3B,140,110,90,80,70,60,50,40,30,20,10,8,6,4,2,10,10,10,10,1
,Ricky Bones,FLA,RP,140,110,90,80,70,60,50,40,30,20,10,8,6,4,2,10,10,10,10,1
,Robert Fick,DET,"1B,C",130,100,80,90,70,60,50,40,30,20,10,10,20,10,10,10,10,10,10,1
,Rolando Arrojo,BOS,SP,130,110,90,80,70,80,60,50,40,30,20,10,10,10,10,10,10,10,10,1
,Ron Coomer,MIN,1B,130,100,80,70,60,70,50,40,30,20,10,10,10,10,10,10,10,10,10,1
,Shigetoshi Hasegawa,ANA,RP,130,100,80,70,60,50,40,30,20,10,8,6,4,2,0,-2,10,10,10,1
,Byung-Hyun Kim,ARI,RP,110,100,80,70,60,50,40,30,20,10,10,10,10,10,10,10,10,10,10,1
,Milton Bradley,MON,"CF,LFRF",110,80,60,70,50,40,30,30,20,20,10,10,10,10,10,10,10,10,10,1
,Ramon Hernandez,OAK,C,110,80,60,50,40,30,20,20,10,10,10,10,10,10,10,10,10,10,10,1
,Tony Womack,ARI,SS,110,80,90,70,60,50,40,30,20,10,10,10,10,10,10,10,10,10,10,1
,Jack Wilson,PIT,SS,100,70,50,40,30,20,30,20,10,10,10,10,10,10,10,10,10,10,10,1
,Paul Quantrill,TOR,RP,100,70,50,40,30,20,10,8,6,4,2,10,10,10,10,10,10,10,10,1
,Scott Brosius,NYY,3B,100,70,50,40,30,20,10,8,6,4,2,10,10,10,10,10,10,10,10,1
,Wally Joyner,ATL,1B,100,70,80,60,50,60,40,30,30,40,30,20,20,10,10,10,10,10,10,1
,Mark Wohlers,CIN,RP,90,70,50,40,30,20,30,20,20,10,10,10,10,10,10,10,10,10,10,1
,Joe Girardi,CHC,C,80,50,60,40,50,30,20,10,10,10,10,10,10,10,10,10,10,10,10,1
,Mickey Morandini,TOR,2B,80,50,60,40,30,40,20,10,10,10,10,10,10,10,10,10,10,10,10,1
,Ricky Bottalico,KCR,RP,80,50,30,20,10,20,10,10,10,10,10,10,10,10,10,10,10,10,10,1
,Dan Wilson,SEA,C,70,40,20,30,40,20,30,40,30,20,10,10,10,10,10,10,10,10,10,1
,Mike Morgan,ARI,RP,70,40,20,10,10,8,20,10,10,10,10,10,10,10,10,10,10,10,10,1
,Jose Lima,HOU,SP,30,30,40,50,30,40,20,10,10,10,10,10,10,10,10,10,10,10,10,1
,Alex Gonzalez,FLA,SS,10,40,50,30,40,20,30,20,10,10,10,10,10,10,10,10,10,10,10,1
,Jeff Brantley,PHI,RP,10,40,20,10,10,10,10,10,10,10,10,10,10,10,10,10,10,10,10,1
,Jeff Zimmerman,TEX,RP,10,40,20,30,10,10,10,10,10,10,10,10,10,10,10,10,10,10,10,1
,Chris Woodward,TOR,"2B,SS",200,170,150,140,130,120,110,100,90,80,70,70,60,50,40,30,20,10,10,0
,Derek Bell (PIT),PIT,LFRF,200,170,150,140,130,120,110,100,90,90,80,70,60,50,40,30,20,10,10,0
,Lou Pote,ANA,RP,200,170,150,140,130,120,110,100,90,80,70,60,50,40,30,20,20,10,10,0
,Todd Hollandsworth,COL,"CF,LFRF",200,170,150,140,130,120,110,100,90,80,70,60,50,40,30,20,20,10,10,0
,Doug Mientkiewicz,MIN,1B,190,160,140,130,120,130,110,100,90,80,70,60,50,40,30,20,10,10,10,0
,Francisco Cordova,PIT,SP,190,160,140,130,120,110,100,90,80,70,60,50,40,30,30,20,10,10,10,0
,Randy Velarde (OAK),OAK,2B,190,160,140,130,120,110,100,90,80,70,70,60,50,40,30,20,10,10,10,0
,Todd Zeile,NYM,1B,190,160,140,130,120,110,100,90,80,70,60,50,40,40,30,20,10,10,10,0
,Juan Encarnacion,DET,"CF,LFRF",180,150,130,120,110,100,90,80,70,60,50,40,30,30,20,10,10,10,10,0
,Lee Stevens,MON,1B,180,150,130,120,110,100,90,80,70,60,50,40,30,20,10,10,10,10,10,0
,Mark Petkovsek,ANA,RP,180,150,130,120,110,100,90,80,70,60,50,50,40,40,30,20,10,10,10,0
,Mike Venafro,TEX,RP,180,150,130,120,110,100,90,80,70,60,50,40,30,20,10,10,10,10,10,0
,Adam Piatt,OAK,LFRF,170,140,120,110,100,90,80,70,60,50,40,40,30,20,20,10,10,10,10,0
,Bill Mueller (CHC),CHC,3B,170,140,120,110,100,90,80,70,60,50,40,30,30,20,20,10,10,10,10,0
,Bill Mueller (SFG),SFG,3B,170,140,120,110,100,90,80,70,60,50,40,30,20,10,8,6,4,10,10,0
,Braden Looper,FLA,RP,170,140,120,110,100,90,80,70,60,50,40,30,20,10,8,10,10,10,10,0
,Desi Relaford,SDP,SS,170,140,150,130,120,110,100,90,80,70,60,60,50,40,30,20,10,10,10,0
,Mark McLemore,SEA,2B,170,140,120,110,120,100,110,100,90,80,70,60,50,40,30,20,10,10,10,0
,Tim Crabtree,TEX,RP,170,140,120,110,100,90,80,70,60,50,40,30,20,10,8,6,4,10,10,0
,Chad Curtis,TEX,LFRF,160,130,110,100,90,80,70,70,80,70,60,50,40,30,20,10,10,10,10,0
,Chris Singleton,CHW,"CF,LFRF",160,130,110,100,90,80,70,60,50,40,30,20,10,8,6,10,10,10,10,0
,Henry Blanco,MIL,C,160,150,130,120,110,100,90,80,70,60,50,40,30,20,10,10,10,10,10,0
,Mike Darr,SDP,"CF,LFRF",160,130,110,120,100,90,80,70,60,50,40,30,20,10,10,20,10,10,10,0
,Scott Sullivan,CIN,RP,160,130,110,100,90,80,70,60,50,40,30,20,10,10,10,10,10,10,10,0
,Todd Van Poppel,CHC,RP,160,130,110,100,90,80,70,60,50,40,30,20,20,10,10,10,10,10,10,0
,Craig Counsell,ARI,"2B,3B,SS",150,120,100,90,80,70,60,60,50,40,30,20,20,10,10,10,10,10,10,0
,Danny Bautista,ARI,LFRF,150,120,100,90,80,70,60,50,40,30,20,20,10,10,10,10,10,10,10,0
,Masato Yoshii,COL,SP,150,120,100,90,80,70,60,50,40,30,30,40,30,20,10,10,10,10,10,0
,Mike Holtz,ANA,RP,150,120,100,90,80,70,60,50,40,30,20,10,8,10,20,10,10,10,10,0
,Timoniel Perez,NYM,LFRF,150,130,140,120,110,100,90,80,70,60,50,40,30,20,10,10,10,10,10,0
,Travis Lee,PHI,"1B,LFRF",150,120,100,90,80,90,70,60,60,50,40,30,30,20,10,10,10,10,10,0
,Antonio Alfonseca,FLA,RP,140,110,90,80,70,60,50,40,30,20,10,10,10,10,10,10,10,10,10,0
,Ben Molina,ANA,C,140,110,90,80,70,60,50,40,30,20,10,8,6,4,10,10,10,10,10,0
,Doug Glanville,PHI,"CF,LFRF",140,120,100,90,80,70,60,50,40,30,20,10,10,10,10,10,10,10,10,0
,Justin Speier,CLE,RP,140,110,90,80,70,60,50,40,30,20,10,10,10,10,10,10,10,10,10,0
,Kevin Young,PIT,1B,140,110,90,80,70,60,50,40,30,20,10,8,6,4,2,0,-2,10,10,0
,Mark Guthrie (OAK),OAK,RP,140,110,90,80,70,60,50,40,30,20,10,8,6,4,10,10,10,10,10,0
,Ricky Ledee,TEX,LFRF,140,110,90,80,70,60,50,40,30,20,10,10,20,10,10,10,10,10,10,0
,Ruben Rivera,SDP,"CF,LFRF",140,110,90,80,70,60,50,40,30,20,10,8,6,4,2,0,10,10,10,0
,Scott Elarton,HOU,SP,140,110,90,80,70,60,50,50,40,30,30,20,10,10,10,10,10,10,10,0
,Alex S. Gonzalez,TOR,SS,130,100,80,70,60,50,40,30,20,10,8,6,4,2,0,10,10,10,10,0
,Anthony Telford,MON,RP,130,100,80,70,60,50,40,30,20,10,8,6,4,2,0,-2,-4,10,10,0
,Benji Gil,ANA,SS,130,120,130,110,100,90,80,70,60,50,40,30,30,20,10,10,10,10,10,0
,Brent Mayne,COL,C,130,100,80,70,60,50,40,40,30,20,20,30,20,10,10,10,10,10,10,0
,Calvin Murray,SFG,"CF,LFRF",130,120,100,90,80,70,80,70,60,60,50,40,30,20,10,10,10,10,10,0
,Chris Richard,BAL,1B,130,100,80,70,60,50,40,30,20,10,10,10,10,10,10,10,10,10,10,0
,Cliff Politte,PHI,SP,130,150,130,120,110,100,90,90,80,70,60,50,40,30,30,20,10,10,10,0
,Deivi Cruz,DET,SS,130,100,80,70,60,50,40,30,20,20,10,10,10,10,10,10,10,10,10,0
,Doug Henry,SFG,RP,130,100,80,70,60,50,40,30,20,10,8,6,4,2,0,10,10,10,10,0
,John Rocker,ATL,RP,130,100,80,70,80,60,50,40,30,20,10,10,10,10,10,10,10,10,10,0
,Matt Anderson,DET,RP,130,100,80,70,60,50,40,30,20,10,8,6,4,10,10,10,10,10,10,0
,Matt Stairs,OAK,LFRF,130,100,80,70,60,50,40,30,30,20,10,10,10,10,10,10,10,10,10,0
,Mike Mordecai,MON,3B,130,100,80,70,60,50,40,30,20,10,10,10,10,10,10,10,10,10,10,0
,Pedro Feliz,SFG,3B,130,100,80,70,60,50,40,30,20,10,8,6,4,10,10,10,10,10,10,0
,Rey Sanchez,KCR,SS,130,110,90,80,90,70,60,50,40,30,20,10,10,10,10,10,10,10,10,0
,Tsuyoshi Shinjo,NYM,"CF,LFRF",130,100,80,70,60,50,40,30,20,10,8,10,10,10,10,10,10,10,10,0
,Craig Paquette,STL,"3B,LFRF",120,90,70,60,50,40,30,20,10,8,6,4,2,0,-2,-4,10,10,10,0
,Jason Grimsley,NYY,RP,120,90,70,60,50,40,30,20,10,10,10,10,10,10,10,10,10,10,10,0
,Marlon Anderson,PHI,2B,120,90,70,60,50,40,30,20,20,10,10,20,10,10,10,10,10,10,10,0
,Orlando Cabrera,MON,SS,120,90,70,60,50,40,30,20,10,8,6,4,2,0,-2,10,10,10,10,0
,Roosevelt Brown,CHC,LFRF,120,90,100,80,70,60,50,40,30,20,10,10,10,10,10,10,10,10,10,0
,Ryan Kohlmeier,BAL,RP,120,90,70,60,50,40,30,20,10,8,6,4,2,10,10,10,10,10,10,0
,Steve Kline (MON),MON,RP,120,90,70,60,50,40,30,20,10,8,6,4,2,10,10,10,10,10,10,0
,Warren Morris,PIT,2B,120,90,70,60,70,80,60,50,40,30,20,10,10,10,10,10,10,10,10,0
,Wayne Gomes,PHI,RP,120,90,70,60,50,40,30,20,20,10,10,10,10,10,10,10,10,10,10,0
,Adam Kennedy,ANA,2B,110,80,60,50,40,50,30,20,10,10,20,10,10,10,10,10,10,10,10,0
,Ben Davis,SDP,C,110,80,60,50,40,30,20,10,8,6,4,2,0,-2,10,10,10,10,10,0
,Butch Huskey,COL,DH,110,100,80,90,70,80,60,60,50,40,30,20,20,10,10,10,10,10,10,0
,Dave Martinez,ATL,"LFRF,1B",110,110,90,80,70,80,60,60,70,60,50,40,30,20,10,10,10,10,10,0
,Gary Bennett,PHI,C,110,80,60,50,40,50,30,20,10,10,10,10,10,10,10,10,10,10,10,0
,Homer Bush,TOR,2B,110,100,80,90,70,60,50,40,30,20,10,10,20,10,10,10,10,10,10,0
,Jay Powell,HOU,RP,110,80,60,50,40,30,20,20,10,10,10,10,10,10,10,10,10,10,10,0
,Lance Painter,TOR,RP,110,80,60,50,40,30,20,10,10,10,10,10,10,10,10,10,10,10,10,0
,Luis Rivas,MIN,2B,110,80,60,70,50,60,40,30,20,20,10,10,10,10,10,10,10,10,10,0
,Matt LeCroy,MIN,C,110,80,60,50,40,30,20,10,10,10,10,10,10,10,10,10,10,10,10,0
,Mike Benjamin,PIT,"2B,3B,SS",110,80,60,70,50,40,30,20,10,10,20,10,10,10,10,10,10,10,10,0
,Mike Matheny,STL,C,110,100,80,70,60,50,40,30,20,10,10,10,10,10,10,10,10,10,10,0
,Steve Kline (STL),STL,RP,110,80,60,50,40,30,20,20,10,10,10,10,10,10,10,10,10,10,10,0
,Troy O'Leary,BOS,LFRF,110,80,60,50,60,40,30,20,10,10,10,10,10,10,10,10,10,10,10,0
,Willie Greene,CHC,3B,110,80,60,50,40,30,20,10,8,10,20,10,10,10,10,10,10,10,10,0
,Aaron Fultz,SFG,RP,100,70,50,40,30,20,30,20,10,10,10,10,10,10,10,10,10,10,10,0
,Ben Weber,ANA,RP,100,70,50,40,30,20,10,8,6,4,2,0,10,10,10,10,10,10,10,0
,Corey Patterson,CHC,"CF,LFRF",100,80,60,50,40,30,20,20,10,10,20,30,20,10,10,10,10,10,10,0
,Damon Buford,CHC,"CF,LFRF",100,70,50,40,30,40,20,10,10,20,10,10,10,10,10,10,10,10,10,0
,Darren Lewis,BOS,"CF,LFRF",100,70,50,40,50,30,40,30,20,10,10,10,10,10,10,10,10,10,10,0
,Dee Brown,KCR,LFRF,100,70,50,40,50,30,20,20,10,10,10,10,10,10,10,10,10,10,10,0
,Doug Mirabelli,SFG,C,100,70,50,40,30,40,20,10,10,10,10,10,10,10,10,10,10,10,10,0
,Eddie Taubensee,CIN,C,100,70,50,40,30,20,30,20,10,10,10,10,10,10,10,10,10,10,10,0
,John Riedling,CIN,RP,100,70,50,40,30,20,30,20,10,10,10,10,10,10,10,10,10,10,10,0
,Mark L. Johnson,CHW,C,100,100,80,70,60,70,50,40,30,20,10,10,10,10,10,10,10,10,10,0
,Mike Trombley,BAL,RP,100,70,50,40,50,30,20,20,30,20,10,10,10,10,10,10,10,10,10,0
,Pat Meares,PIT,SS,100,70,50,40,30,20,10,8,6,10,10,10,10,10,10,10,10,10,10,0
,Rico Brogna,ATL,1B,100,70,50,40,50,30,40,30,20,20,10,10,10,10,10,10,10,10,10,0
,Travis Miller,MIN,RP,100,80,60,50,40,30,20,20,10,10,10,10,10,10,10,10,10,10,10,0
,Valerio de los Santos,MIL,RP,100,70,50,40,30,20,30,20,10,10,10,10,10,10,10,10,10,10,10,0
,Bill Simas,CHW,RP,90,60,40,30,20,10,8,10,10,10,10,10,10,10,10,10,10,10,10,0
,Carlos Febles,KCR,2B,90,70,50,60,40,50,30,20,20,10,10,20,10,10,10,10,10,10,10,0
,Charlie Hayes,MIL,"1B,3B",90,60,70,50,40,30,40,30,20,10,10,10,10,10,10,10,10,10,10,0
,D'Angelo Jimenez,NYY,"2B,SS",90,60,40,50,30,20,10,10,10,10,10,10,10,10,10,10,10,10,10,0
,Felix Martinez,TBD,SS,90,60,70,80,60,50,40,30,30,20,10,10,10,10,10,10,10,10,10,0
,Juan Acevedo,MIL,RP,90,60,40,30,20,10,8,6,10,10,10,10,10,10,10,10,10,10,10,0
,Miguel Cairo,TBD,2B,90,70,80,60,50,40,50,40,30,20,10,10,10,10,10,10,10,10,10,0
,Russ Johnson,TBD,"2B,3B",90,60,40,50,30,20,30,20,10,10,10,10,10,10,10,10,10,10,10,0
,Shane Halter,DET,"1B,3B",90,60,40,50,30,20,10,10,20,10,10,10,10,10,10,10,10,10,10,0
,Alan Embree,SFG,RP,80,50,30,20,10,20,10,10,10,10,10,10,10,10,10,10,10,10,10,0
,Jason LaRue,CIN,C,80,70,50,40,30,20,30,20,10,10,10,10,10,10,10,10,10,10,10,0
,Jose Vizcaino,NYY,2B,80,50,30,40,50,30,20,10,10,10,10,10,10,10,10,10,10,10,10,0
,Dennys Reyes,CIN,RP,70,40,20,30,10,20,10,10,10,10,10,10,10,10,10,10,10,10,10,0
,John Flaherty,TBD,C,70,40,50,30,40,20,10,10,10,10,10,10,10,10,10,10,10,10,10,0
,Keith Lockhart,ATL,2B,70,40,50,30,40,20,30,20,10,10,10,10,10,10,10,10,10,10,10,0
,Peter Bergeron,MON,"CF,LFRF",70,40,50,30,40,20,30,20,10,10,10,10,10,10,10,10,10,10,10,0
,C.J. Nitkowski,DET,RP,60,30,10,20,10,10,10,10,10,10,10,10,10,10,10,10,10,10,10,0
,Lenny Harris,NYM,DH,60,90,70,60,50,40,50,40,30,30,20,10,10,10,10,10,10,10,10,0
,Mark Smith,FLA,LFRF,60,30,40,50,30,20,10,10,10,10,10,10,10,10,10,10,10,10,10,0
,Michael Barrett,MON,"3B,C",60,30,40,50,30,20,10,10,20,10,10,10,10,10,10,10,10,10,10,0
,Mike Lamb,TEX,3B,60,50,60,40,30,20,30,20,10,10,10,10,10,10,10,10,10,10,10,0
,Onan Masaoka,LAD,RP,60,30,10,20,10,20,10,10,10,10,10,10,10,10,10,10,10,10,10,0
,Wes Helms,ATL,"1B,3B",60,30,40,50,30,20,10,10,10,10,10,10,10,10,10,10,10,10,10,0
,Wilton Guerrero,MON,LFRF,60,80,60,50,60,40,30,20,10,10,20,10,10,10,10,10,10,10,10,0
,Alex Cora,LAD,SS,50,60,40,30,40,20,30,20,10,10,10,10,10,10,10,10,10,10,10,0
,Jeff Reed,CHC,C,50,50,60,40,30,20,10,10,10,10,10,10,10,10,10,10,10,10,10,0
,Jose Silva,PIT,RP,50,20,10,10,20,10,10,10,10,10,10,10,10,10,10,10,10,10,10,0
,Kelly Stinnett,ARI,C,50,60,40,30,40,20,10,10,10,10,10,10,10,10,10,10,10,10,10,0
,Wiki Gonzalez,SDP,C,50,50,30,40,20,30,10,10,10,10,10,10,10,10,10,10,10,10,10,0
,Carlos Almanzar,SDP,RP,40,10,20,10,20,10,10,10,10,10,10,10,10,10,10,10,10,10,10,0
,Esteban Yan,TBD,RP,40,10,20,10,10,10,10,10,10,10,10,10,10,10,10,10,10,10,10,0
,Felipe Lira,MON,RP,40,20,30,10,10,10,10,10,10,10,10,10,10,10,10,10,10,10,10,0
,Jose Cabrera,HOU,RP,40,10,20,30,10,10,10,10,10,10,10,10,10,10,10,10,10,10,10,0
,Mike Lansing,BOS,2B,40,70,50,40,30,20,10,10,10,10,10,10,10,10,10,10,10,10,10,0
,Mike Redmond,FLA,C,30,60,40,30,20,30,10,10,10,10,10,10,10,10,10,10,10,10,10,0
,Octavio Dotel (RP),HOU,RP,30,10,20,10,20,10,10,10,10,10,10,10,10,10,10,10,10,10,10,0
,Rob Ducey,PHI,DH,30,60,40,30,40,20,30,20,10,10,10,10,10,10,10,10,10,10,10,0
,Kevin Sefcik,PHI,"CF,LFRF",20,50,60,40,50,30,20,10,10,10,10,10,10,10,10,10,10,10,10,0
,Scott Sauerbeck,PIT,RP,20,50,30,20,10,20,10,10,10,10,10,10,10,10,10,10,10,10,10,0
,Terry Jones,MON,"CF,LFRF",20,50,30,40,20,30,10,10,20,10,10,10,10,10,10,10,10,10,10,0
,Tim Bogar,HOU,SS,20,50,30,40,20,30,10,10,10,10,10,10,10,10,10,10,10,10,10,0
,Craig House,COL,RP,10,40,20,10,20,10,20,10,10,10,10,10,10,10,10,10,10,10,10,0
,Doug Creek,TBD,RP,10,40,20,10,10,20,10,10,10,10,10,10,10,10,10,10,10,10,10,0
,Kevin Jordan,PHI,"2B,3B",10,40,50,30,20,30,10,10,10,10,10,10,10,10,10,10,10,10,10,0
,Nelson Cruz,HOU,RP,10,40,20,10,10,10,10,10,10,10,10,10,10,10,10,10,10,10,10,0
,Rey Ordonez,NYM,SS,10,40,50,30,40,20,10,10,10,10,10,10,10,10,10,10,10,10,10,0
,Ron Villone,CIN,SP,10,40,50,30,40,50,30,20,10,10,10,10,10,10,10,10,10,10,10,0
NYS,Mark Guthrie (TOR),TOR,RP,140,110,90,80,70,60,50,40,30,20,10,8,6,4,2,0,-2,-4,10,0
,Pat Hentgen,STL,SP,210,180,160,150,140,130,120,110,100,90,80,70,60,50,40,30,20,10,0,3
,Al Levine,ANA,RP,210,180,160,150,140,130,120,110,100,90,80,70,60,50,40,30,20,10,0,0
,Al Martin,SEA,LFRF,210,180,160,150,140,130,120,110,100,90,80,70,60,50,40,30,20,10,0,0
,Chris Holt (HOU),HOU,SP,210,180,160,150,140,130,120,110,100,90,80,70,60,50,40,30,20,10,0,0
,Dave McCarty,KCR,1B,210,180,160,150,140,130,120,110,100,90,80,70,60,50,40,30,20,10,0,0
,Jay Witasick,SDP,SP,210,180,160,150,140,130,120,110,100,90,80,70,60,50,40,30,20,10,0,0
,Terrence Long,OAK,"CF,LFRF",210,180,160,150,140,130,120,110,100,90,80,70,60,50,40,30,20,10,0,0
,Rich Aurilia,SFG,SS,200,170,150,140,130,120,110,100,90,80,70,60,50,40,30,20,10,8,0,1
,Armando Rios,SFG,LFRF,200,170,150,140,130,120,110,100,90,80,70,60,50,40,30,20,10,8,0,0
,Aubrey Huff,TBD,3B,200,170,150,140,130,120,110,100,90,80,70,60,50,40,30,20,10,8,0,0
,Blake Stein,KCR,SP,200,170,150,140,130,120,110,100,90,80,70,60,50,40,30,20,10,8,0,0
,Daryle Ward,HOU,"1B,LFRF",200,170,150,140,130,120,110,100,90,80,70,60,50,40,30,20,10,8,0,0
,Derek Bell (NYM),NYM,LFRF,200,170,150,140,130,120,110,100,90,80,70,60,50,40,30,20,10,8,0,0
,Jeremy Giambi,OAK,LFRF,200,170,150,140,130,120,110,100,90,80,70,60,50,40,30,20,10,8,0,0
,Omar Daal,PHI,SP,200,170,150,140,130,120,110,100,90,80,70,60,50,40,30,20,10,8,0,0
,Terry Shumpert,COL,"2B,3B,LFRF",200,170,150,140,130,120,110,100,90,80,70,60,50,40,30,20,10,8,0,0
,Carlos Beltran,KCR,"CF,LFRF",190,160,140,130,120,110,100,90,80,70,60,50,40,30,20,10,8,6,0,9
,Henry Rodriguez,FLA,LFRF,190,160,140,130,120,110,100,90,80,70,60,50,40,30,20,10,8,6,0,1
,Shane Reynolds,HOU,SP,190,160,140,130,120,110,100,90,80,70,60,50,40,30,20,10,8,6,0,1
,Wil Cordero,CLE,LFRF,190,160,140,130,120,110,100,90,80,70,60,50,40,30,20,10,8,6,0,1
,Bobby Estalella,SFG,C,190,160,140,130,120,110,100,90,80,70,60,50,40,30,20,10,8,6,0,0
,Brook Fordyce,BAL,C,190,160,140,130,120,110,100,90,80,70,60,50,40,30,20,10,8,6,0,0
,Bubba Trammell (SDP),SDP,LFRF,190,160,140,130,120,110,100,90,80,70,60,50,40,30,20,10,8,6,0,0
,Dustin Hermanson (STL),STL,SP,190,160,140,130,120,110,100,90,80,70,60,50,40,30,20,10,8,6,0,0
,Eric Karros,LAD,1B,190,160,140,130,120,110,100,90,80,70,60,50,40,30,20,10,8,6,0,0
,Fernando Seguignol,MON,"1B,LFRF",190,160,140,130,120,110,100,90,80,70,60,50,40,30,20,10,8,6,0,0
,Luis Alicea,TEX,2B,190,160,140,130,120,110,100,90,80,70,60,50,40,30,20,10,8,6,0,0
,Ryan Christenson,OAK,LFRF,190,160,140,130,120,110,100,90,80,70,60,50,40,30,20,10,8,6,0,0
,Tanyon Sturtze,TBD,RP,190,160,140,130,120,110,100,90,80,70,60,50,40,30,20,10,8,6,0,0
,Brian Jordan,ATL,LFRF,180,150,130,120,110,100,90,80,70,60,50,40,30,20,10,8,6,4,0,1
,Julio Zuleta,CHC,1B,180,150,130,120,110,100,90,80,70,60,50,40,30,20,10,8,6,4,0,0
,Luis Lopez,MIL,"2B,SS",180,150,130,120,110,100,90,80,70,60,50,40,30,20,10,8,6,4,0,0
,Luis Sojo,NYY,"2B,3B",180,150,130,120,110,100,90,80,70,60,50,40,30,20,10,8,6,4,0,0
,Russ Davis,SFG,3B,180,150,130,120,110,100,90,80,70,60,50,40,30,20,10,8,6,4,0,0
,Todd Ritchie,PIT,SP,180,150,130,120,110,100,90,80,70,60,50,40,30,20,10,8,6,4,0,0
,Jeff Shaw,LAD,RP,170,140,120,110,100,90,80,70,60,50,40,30,20,10,8,6,4,2,0,2
,Brett Tomko,SEA,RP,170,140,120,110,100,90,80,70,60,50,40,30,20,10,8,6,4,2,0,0
,Bubba Trammell (NYM),NYM,LFRF,170,140,120,110,100,90,80,70,60,50,40,30,20,10,8,6,4,2,0,0
,Jacque Jones,MIN,LFRF,170,140,120,110,100,90,80,70,60,50,40,30,20,10,8,6,4,2,0,0
,Pedro Astacio,COL,SP,170,140,120,110,100,90,80,70,60,50,40,30,20,10,8,6,4,2,0,0
,Bret Boone,SDP,2B,160,130,110,100,90,80,70,60,50,40,30,20,10,8,6,4,2,0,-10,3
,Andy Benes,STL,SP,160,130,110,100,90,80,70,60,50,40,30,20,10,8,6,4,2,0,-10,1
,Randy Wolf,PHI,SP,160,130,110,100,90,80,70,60,50,40,30,20,10,8,6,4,2,0,-10,1
,Gerald Williams,TBD,"CF,LFRF",160,130,110,100,90,80,70,60,50,40,30,20,10,8,6,4,2,0,-10,0
,Jesus Sanchez,FLA,SP,160,130,110,100,90,80,70,60,50,40,30,20,10,8,6,4,2,0,-10,0
,Carlos Guillen,SEA,"3B,SS",150,120,100,90,80,70,60,50,40,30,20,10,8,6,4,2,0,-2,-10,3
,Royce Clayton (CHW),CHW,SS,150,120,100,90,80,70,60,50,40,30,20,10,8,6,4,2,0,-2,-10,1
,Mike Williams,PIT,RP,140,110,90,80,70,60,50,40,30,20,10,8,6,4,2,0,-2,-4,-10,2
,David Bell,SEA,"2B,3B",140,110,90,80,70,60,50,40,30,20,10,8,6,4,2,0,-2,-4,-10,0
,Enrique Wilson,PIT,"3B,SS",140,110,90,80,70,60,50,40,30,20,10,8,6,4,2,0,-2,-4,-10,0
,Jay Canizaro,MIN,2B,140,110,90,80,70,60,50,40,30,20,10,8,6,4,2,0,-2,-4,-10,0
,Jose Hernandez,MIL,"3B,SS",140,110,90,80,70,60,50,40,30,20,10,8,6,4,2,0,-2,-4,-10,0
,Mike Timlin,STL,RP,140,110,90,80,70,60,50,40,30,20,10,8,6,4,2,0,-2,-4,-10,0